               epoch,      train/box_loss,      train/obj_loss,      train/cls_loss,   metrics/precision,      metrics/recall,     metrics/mAP_0.5,metrics/mAP_0.5:0.95,        val/box_loss,        val/obj_loss,        val/cls_loss,               x/lr0,               x/lr1,               x/lr2
                   0,            0.083723,             0.06313,                   0,             0.46057,             0.56079,             0.50282,             0.19649,            0.054625,            0.033799,                   0,            0.070306,           0.0032993,           0.0032993
                   1,            0.053778,            0.052117,                   0,             0.61267,             0.66253,             0.69686,             0.33909,              0.0428,            0.026104,                   0,            0.040197,           0.0065232,           0.0065232
                   2,            0.048475,            0.048513,                   0,             0.74753,             0.77144,             0.83308,             0.42202,            0.036038,            0.025806,                   0,           0.0099772,           0.0096371,           0.0096371
                   3,            0.042029,            0.046309,                   0,             0.83446,             0.81886,             0.88324,             0.49328,            0.033957,            0.024086,                   0,            0.009505,            0.009505,            0.009505
                   4,              0.0361,            0.042825,                   0,             0.87099,             0.86849,             0.92499,             0.56198,            0.031015,            0.022567,                   0,            0.009505,            0.009505,            0.009505
                   5,             0.03299,            0.043623,                   0,             0.88277,             0.87841,             0.92419,             0.58629,            0.028569,            0.022531,                   0,             0.00934,             0.00934,             0.00934
                   6,            0.031968,            0.042981,                   0,             0.94054,             0.83375,             0.92763,             0.62599,            0.027744,            0.021273,                   0,            0.009175,            0.009175,            0.009175
                   7,            0.030109,             0.04062,                   0,             0.90253,              0.8961,             0.94585,             0.61088,            0.025665,            0.021507,                   0,             0.00901,             0.00901,             0.00901
                   8,            0.029303,            0.040405,                   0,             0.92212,             0.85198,             0.93775,             0.63358,            0.025883,            0.022326,                   0,            0.008845,            0.008845,            0.008845
                   9,            0.027773,            0.039569,                   0,             0.91231,              0.8933,             0.95305,             0.64899,             0.02633,            0.020491,                   0,             0.00868,             0.00868,             0.00868
                  10,            0.027205,            0.039232,                   0,             0.89198,             0.90157,             0.94673,             0.65844,            0.024666,            0.020944,                   0,            0.008515,            0.008515,            0.008515
                  11,            0.026271,            0.037711,                   0,             0.91612,             0.86724,             0.94369,             0.65847,            0.024694,            0.020711,                   0,             0.00835,             0.00835,             0.00835
                  12,            0.025867,            0.037203,                   0,             0.93517,             0.88089,             0.94482,             0.67247,            0.023733,            0.020476,                   0,            0.008185,            0.008185,            0.008185
                  13,            0.025831,            0.036506,                   0,              0.9135,             0.90819,             0.95809,              0.7008,            0.021921,            0.019579,                   0,             0.00802,             0.00802,             0.00802
                  14,            0.024548,            0.036783,                   0,             0.94957,             0.88773,               0.961,             0.70024,            0.022311,            0.019733,                   0,            0.007855,            0.007855,            0.007855
                  15,            0.023955,            0.036072,                   0,             0.90752,             0.90323,              0.9557,              0.6897,            0.022618,            0.020036,                   0,             0.00769,             0.00769,             0.00769
                  16,             0.02276,             0.03524,                   0,             0.93983,             0.88834,             0.95982,             0.68393,            0.023483,            0.019606,                   0,            0.007525,            0.007525,            0.007525
                  17,            0.023147,            0.034363,                   0,             0.93067,             0.89578,             0.95945,             0.72218,            0.022185,            0.019233,                   0,             0.00736,             0.00736,             0.00736
                  18,            0.022835,            0.034921,                   0,             0.92072,             0.92216,             0.96101,              0.7156,            0.021192,            0.019124,                   0,            0.007195,            0.007195,            0.007195
                  19,            0.022671,             0.03522,                   0,             0.92474,             0.93052,             0.96103,             0.71353,            0.021037,            0.019271,                   0,             0.00703,             0.00703,             0.00703
                  20,            0.021624,            0.033623,                   0,             0.91214,              0.9274,              0.9567,             0.71212,            0.020899,            0.019364,                   0,            0.006865,            0.006865,            0.006865
                  21,            0.021619,            0.033814,                   0,             0.92815,             0.89757,             0.95344,             0.72088,             0.02107,            0.019208,                   0,              0.0067,              0.0067,              0.0067
                  22,            0.021934,            0.033999,                   0,             0.92104,             0.92628,             0.95972,             0.72759,            0.019978,            0.018769,                   0,            0.006535,            0.006535,            0.006535
                  23,            0.021208,            0.032735,                   0,             0.93285,             0.92556,             0.96212,             0.71993,            0.020349,            0.018832,                   0,             0.00637,             0.00637,             0.00637
                  24,              0.0209,            0.032057,                   0,             0.92193,             0.90842,             0.95625,             0.71671,            0.021029,            0.019247,                   0,            0.006205,            0.006205,            0.006205
                  25,            0.020838,            0.032854,                   0,             0.92534,               0.933,             0.96319,             0.72418,            0.021211,            0.018909,                   0,             0.00604,             0.00604,             0.00604
                  26,            0.020273,            0.032669,                   0,             0.91685,             0.93031,             0.96388,              0.7284,            0.021627,            0.018723,                   0,            0.005875,            0.005875,            0.005875
                  27,            0.019604,            0.032337,                   0,             0.93215,             0.91563,             0.95889,             0.73453,            0.020827,            0.018556,                   0,             0.00571,             0.00571,             0.00571
                  28,            0.019484,            0.031327,                   0,             0.94221,             0.93059,             0.96333,             0.73987,            0.019567,            0.018436,                   0,            0.005545,            0.005545,            0.005545
                  29,            0.019573,            0.031035,                   0,             0.90296,             0.93052,             0.95839,             0.72836,             0.01972,               0.019,                   0,             0.00538,             0.00538,             0.00538
                  30,            0.019329,            0.031644,                   0,             0.92795,             0.92682,             0.96352,             0.73238,            0.020748,            0.018397,                   0,            0.005215,            0.005215,            0.005215
                  31,            0.019308,            0.030418,                   0,             0.93213,             0.90819,             0.96067,             0.73604,            0.019233,            0.018824,                   0,             0.00505,             0.00505,             0.00505
                  32,            0.018596,            0.030593,                   0,             0.94409,              0.9206,             0.96232,             0.73152,            0.019054,            0.018929,                   0,            0.004885,            0.004885,            0.004885
                  33,            0.018283,            0.029982,                   0,             0.92123,             0.92308,             0.95553,             0.74152,            0.018163,             0.01904,                   0,             0.00472,             0.00472,             0.00472
                  34,            0.018473,             0.03065,                   0,             0.93745,             0.93548,             0.96386,              0.7517,            0.018377,            0.017747,                   0,            0.004555,            0.004555,            0.004555
                  35,            0.018064,            0.029309,                   0,             0.94152,             0.92556,             0.96305,              0.7535,            0.018236,            0.017958,                   0,             0.00439,             0.00439,             0.00439
                  36,            0.018006,            0.029636,                   0,             0.93689,             0.92556,             0.96501,             0.75253,            0.018588,            0.017659,                   0,            0.004225,            0.004225,            0.004225
                  37,            0.018142,            0.028611,                   0,             0.93356,             0.94146,             0.96358,             0.74757,            0.018483,              0.0181,                   0,             0.00406,             0.00406,             0.00406
                  38,            0.017428,            0.028644,                   0,             0.94659,             0.93548,             0.96356,             0.74606,             0.01896,            0.018156,                   0,            0.003895,            0.003895,            0.003895
                  39,             0.01746,            0.028836,                   0,             0.93201,             0.91841,             0.95883,             0.74625,            0.019216,            0.018449,                   0,             0.00373,             0.00373,             0.00373
                  40,            0.017195,            0.028014,                   0,             0.93659,             0.91623,               0.959,             0.75949,            0.017543,            0.017821,                   0,            0.003565,            0.003565,            0.003565
                  41,            0.016678,            0.027745,                   0,             0.92966,             0.93052,              0.9634,             0.75277,            0.018499,            0.017831,                   0,              0.0034,              0.0034,              0.0034
                  42,            0.016576,            0.028503,                   0,             0.93879,             0.92556,             0.96078,             0.75911,            0.018729,            0.017736,                   0,            0.003235,            0.003235,            0.003235
                  43,            0.016518,            0.027296,                   0,             0.94928,             0.92877,             0.96458,             0.75438,            0.018918,            0.018154,                   0,             0.00307,             0.00307,             0.00307
                  44,            0.016368,            0.027565,                   0,             0.94003,             0.93357,             0.96504,             0.76343,            0.018707,            0.017779,                   0,            0.002905,            0.002905,            0.002905
                  45,            0.016673,            0.027685,                   0,             0.94449,             0.92892,             0.96845,             0.76746,            0.018432,            0.017708,                   0,             0.00274,             0.00274,             0.00274
                  46,            0.016077,            0.027712,                   0,             0.92446,             0.95037,              0.9662,             0.76485,            0.018033,             0.01745,                   0,            0.002575,            0.002575,            0.002575
                  47,             0.01573,            0.026246,                   0,              0.9381,             0.94008,             0.96442,             0.76446,            0.018583,            0.017542,                   0,             0.00241,             0.00241,             0.00241
                  48,             0.01626,            0.026895,                   0,             0.93919,             0.91982,             0.96347,             0.76667,             0.01865,            0.017893,                   0,            0.002245,            0.002245,            0.002245
                  49,            0.015562,            0.026092,                   0,             0.93322,             0.93619,             0.96299,             0.76293,            0.018414,            0.017703,                   0,             0.00208,             0.00208,             0.00208
                  50,             0.01582,            0.025653,                   0,             0.93853,              0.9206,             0.96402,             0.76982,            0.017525,            0.017553,                   0,            0.001915,            0.001915,            0.001915
                  51,             0.01569,            0.026434,                   0,             0.93657,             0.92308,             0.96593,             0.77165,             0.01751,            0.017592,                   0,             0.00175,             0.00175,             0.00175
                  52,            0.015285,             0.02658,                   0,             0.93046,             0.92966,             0.95802,             0.76265,            0.017344,            0.017641,                   0,            0.001585,            0.001585,            0.001585
                  53,            0.015452,            0.026537,                   0,             0.94101,             0.91046,             0.96161,             0.76313,            0.017906,             0.01817,                   0,             0.00142,             0.00142,             0.00142
                  54,            0.015376,            0.025463,                   0,             0.92858,             0.93052,             0.96313,             0.76551,            0.017292,            0.017676,                   0,            0.001255,            0.001255,            0.001255
                  55,            0.015185,            0.024931,                   0,             0.93763,             0.93259,             0.96491,             0.76679,            0.017485,            0.017524,                   0,             0.00109,             0.00109,             0.00109
                  56,            0.015041,            0.024785,                   0,             0.93995,             0.93052,             0.96781,             0.77463,              0.0172,            0.017522,                   0,            0.000925,            0.000925,            0.000925
                  57,              0.0149,             0.02576,                   0,             0.93301,             0.93052,              0.9677,             0.77622,            0.016988,            0.017423,                   0,             0.00076,             0.00076,             0.00076
                  58,            0.014486,            0.024951,                   0,             0.94558,             0.91811,             0.96714,             0.77424,            0.017041,            0.017503,                   0,            0.000595,            0.000595,            0.000595
                  59,            0.014745,            0.025203,                   0,             0.92356,             0.94045,             0.96677,             0.77683,             0.01718,            0.017483,                   0,             0.00043,             0.00043,             0.00043
